Id,SepalLengthCm,SepalWidthCm,PetalLengthCm,PetalWidthCm
39,0.7499999999999999,0.5,0.6271186440677966,0.5416666666666666
54,0.5555555555555555,0.5416666666666665,0.847457627118644,1.0
96,0.22222222222222213,0.6249999999999999,0.06779661016949151,0.04166666666666667
